{
  "vertices": [
    [
      0.0,
      0.0
    ],
    [
      1.0,
      0.0
    ],
    [
      0.09025584161281586,
      0.6026116013526917
    ],
    [
      -1.6974289417266846,
      0.6521884799003601
    ]
  ],
  "edges": [
    [
      0,
      1
    ],
    [
      1,
      2
    ],
    [
      2,
      3
    ],
    [
      3,
      0
    ]
  ]
}