{
  "vertices": [
    [
      -0.8042101263999939,
      0.0
    ],
    [
      0.17420130968093872,
      0.0
    ],
    [
      0.1864302009344101,
      1.0618773698806763
    ],
    [
      1.1035970449447632,
      0.21196945011615753
    ],
    [
      1.7176920175552368,
      0.5027689933776855
    ],
    [
      0.7933648824691772,
      1.9931166172027588
    ],
    [
      -0.8891181349754333,
      2.0398521423339844
    ],
    [
      1.9389468431472778,
      3.366792678833008
    ],
    [
      3.183875322341919,
      4.067641258239746
    ],
    [
      2.8518943786621094,
      4.510282516479492
    ],
    [
      1.680739402770996,
      3.901650905609131
    ],
    [
      1.0997726917266846,
      3.846320629119873
    ],
    [
      1.394866943359375,
      4.768489837646484
    ],
    [
      0.1222732663154602,
      4.925258636474609
    ],
    [
      -0.08982567489147186,
      3.993867874145508
    ],
    [
      -0.6984574198722839,
      4.012310981750488
    ],
    [
      -1.3900843858718872,
      5.174244403839111
    ],
    [
      -1.9249426126480103,
      4.934480667114258
    ],
    [
      -1.1226552724838257,
      3.652665138244629
    ]
  ],
  "edges": [
    [
      0,
      1
    ],
    [
      1,
      2
    ],
    [
      2,
      3
    ],
    [
      3,
      4
    ],
    [
      4,
      5
    ],
    [
      5,
      7
    ],
    [
      7,
      8
    ],
    [
      8,
      9
    ],
    [
      9,
      10
    ],
    [
      10,
      11
    ],
    [
      11,
      12
    ],
    [
      12,
      13
    ],
    [
      13,
      14
    ],
    [
      14,
      15
    ],
    [
      15,
      16
    ],
    [
      16,
      17
    ],
    [
      17,
      18
    ],
    [
      18,
      6
    ],
    [
      6,
      0
    ]
  ]
}