{
  "vertices": [
    [
      -0.11722195893526077,
      0.9153804779052734
    ],
    [
      0.9510999917984009,
      0.3089999854564667
    ],
    [
      0.5878000259399414,
      -0.8090000152587891
    ],
    [
      -0.5878000259399414,
      -0.8090000152587891
    ],
    [
      -0.9510999917984009,
      0.3089999854564667
    ]
  ],
  "edges": [
    [
      0,
      1
    ],
    [
      1,
      2
    ],
    [
      2,
      3
    ],
    [
      3,
      4
    ],
    [
      4,
      0
    ]
  ]
}