{
  "vertices": [
    [
      0.9411355644041282,
      1.3308808124636498
    ],
    [
      0.9511,
      0.309
    ],
    [
      0.5878,
      -0.809
    ],
    [
      -0.5878,
      -0.809
    ],
    [
      -0.9511,
      0.309
    ]
  ],
  "edges": [
    [
      0,
      1
    ],
    [
      1,
      2
    ],
    [
      2,
      3
    ],
    [
      3,
      4
    ],
    [
      4,
      0
    ]
  ]
}