{
  "vertices": [
    [
      -0.19817371682955076,
      0.6237818834031121
    ],
    [
      0.4889275699704563,
      0.5336043182682294
    ],
    [
      0.5878,
      -0.809
    ],
    [
      -0.5878,
      -0.809
    ],
    [
      -0.9511,
      0.309
    ]
  ],
  "edges": [
    [
      0,
      1
    ],
    [
      1,
      2
    ],
    [
      2,
      3
    ],
    [
      3,
      4
    ],
    [
      4,
      0
    ]
  ]
}