{
  "vertices": [
    [
      -0.5397379994392395,
      0.7912663817405701
    ],
    [
      0.026200873777270317,
      0.6131004095077515
    ],
    [
      0.5878000259399414,
      -0.8090000152587891
    ],
    [
      -0.5878000259399414,
      -0.8090000152587891
    ],
    [
      -0.9510999917984009,
      0.3089999854564667
    ]
  ],
  "edges": [
    [
      0,
      1
    ],
    [
      1,
      2
    ],
    [
      2,
      3
    ],
    [
      3,
      4
    ],
    [
      4,
      0
    ]
  ]
}