{
  "vertices": [
    [
      -1.073417067527771,
      0.7912663817405701
    ],
    [
      0.2890283763408661,
      0.8541484475135803
    ],
    [
      0.4357532858848572,
      -0.2829694449901581
    ],
    [
      -0.994814395904541,
      -0.5973799228668213
    ]
  ],
  "edges": [
    [
      0,
      1
    ],
    [
      1,
      2
    ],
    [
      2,
      3
    ],
    [
      3,
      0
    ]
  ]
}