{
  "vertices": [
    [
      -0.6550218462944031,
      0.6707423329353333
    ],
    [
      0.15196506679058075,
      0.5187773108482361
    ],
    [
      -0.01572052389383316,
      0.03144104778766632
    ],
    [
      -0.9222707152366638,
      -0.005240174476057291
    ]
  ],
  "edges": [
    [
      0,
      1
    ],
    [
      2,
      3
    ],
    [
      2,
      1
    ],
    [
      0,
      3
    ]
  ]
}