{
  "vertices": [
    [
      0.2500007152557373,
      0.2499995082616806
    ],
    [
      0.7500010132789612,
      0.2499995082616806
    ],
    [
      0.7500010132789612,
      0.7499990463256836
    ],
    [
      0.2500007152557373,
      0.7499990463256836
    ]
  ],
  "edges": [
    [
      0,
      1
    ],
    [
      1,
      2
    ],
    [
      2,
      3
    ],
    [
      3,
      0
    ]
  ]
}