{
  "vertices": [
    [
      -0.6314410480349344,
      0.5449781659388646
    ],
    [
      1.0506550218340613,
      0.319650655021834
    ],
    [
      -0.20698689956331862,
      -0.503056768558952
    ]
  ],
  "edges": [
    [
      0,
      1
    ],
    [
      1,
      2
    ],
    [
      2,
      0
    ]
  ]
}