{
  "vertices": [
    [
      -1.7667820453643799,
      0.14532871544361115
    ],
    [
      -1.8913494348526,
      0.40276816487312317
    ],
    [
      -1.5467127561569214,
      0.7847750782966614
    ],
    [
      -0.9155709147453308,
      0.9633218050003052
    ],
    [
      -0.12249135226011276,
      1.0422145128250122
    ],
    [
      0.30242180824279785,
      1.0152615308761597
    ],
    [
      0.27071136236190796,
      0.5448901057243347
    ],
    [
      -0.22629757225513458,
      0.6477508544921875
    ],
    [
      -0.7536332011222839,
      0.4858131408691406
    ],
    [
      -1.2851210832595825,
      0.24913494288921356
    ],
    [
      -1.172113299369812,
      0.0
    ],
    [
      -1.4013841152191162,
      0.0
    ],
    [
      -1.575778603553772,
      0.17439445853233337
    ]
  ],
  "edges": [
    [
      2,
      3
    ],
    [
      3,
      4
    ],
    [
      4,
      5
    ],
    [
      5,
      6
    ],
    [
      6,
      7
    ],
    [
      7,
      8
    ],
    [
      8,
      9
    ],
    [
      9,
      10
    ],
    [
      10,
      11
    ],
    [
      11,
      12
    ],
    [
      12,
      0
    ],
    [
      0,
      1
    ],
    [
      1,
      2
    ]
  ]
}